session_seqrank,1,3336,0,2,0.0
session_seqrank,1,694,55,546,0.10073260073260074
session_seqrank,1,2522,0,0,0
session_seqrank,1,13554,0,0,0
session_seqrank,1,35774,18794,60688,0.3096823095175323
session_seqrank,1,418,3040,8673,0.35051308659056846
session_seqrank,1,1677,13193,26287,0.5018830600677141
session_seqrank,1,596,0,0,0
